{
    "RPT": {
        "ScanTime": "0.173 sec.",
        "ScanFile": "20200812_promotionkinggems_78cde6a8d6c41a737776_20200812040645_scan.json",
        "ScanCreated": "2020-08-12 04:06:46",
        "ScanPath": "\/home\/kinggems\/public_html\/frontend\/web\/promotion\/wp-content\/backups-dup-pro\/tmp\/20200812_promotionkinggems_78cde6a8d6c41a737776_20200812040645_scan.json"
    },
    "SRV": {
        "Brand": {
            "LogoAttachmentExists": false,
            "LogoCount": 0,
            "LogoFinded": 0,
            "LogoImageExists": true,
            "LogoImages": [],
            "Name": "Default",
            "Notes": "The default content used when a brand is not defined"
        },
        "HOST": [],
        "PHP": {
            "websrv": true,
            "openbase": true,
            "maxtime": true,
            "openssl": true,
            "mysqli": true,
            "allowurlfopen": true,
            "curlavailable": true,
            "version": true,
            "ALL": "Good"
        },
        "WP": {
            "version": true,
            "core": true,
            "ismu": false,
            "ismuplus": true,
            "ALL": "Good"
        }
    },
    "ARC": {
        "Size": "124.54MB",
        "DirCount": "640",
        "FileCount": "5,268",
        "FullCount": "5,908",
        "USize": 130594143,
        "UDirCount": 640,
        "UFileCount": 5268,
        "UFullCount": 5908,
        "WarnFileCount": 0,
        "WarnDirCount": 0,
        "UnreadableDirCount": 0,
        "UnreadableFileCount": 0,
        "FilterDirsAll": [
            "\/home\/kinggems\/public_html\/frontend\/web\/promotion\/.opcache",
            "\/home\/kinggems\/public_html\/frontend\/web\/promotion\/.tmb",
            "\/home\/kinggems\/public_html\/frontend\/web\/promotion\/wp-content\/ai1wm-backups",
            "\/home\/kinggems\/public_html\/frontend\/web\/promotion\/wp-content\/backups-dup-pro",
            "\/home\/kinggems\/public_html\/frontend\/web\/promotion\/wp-content\/backups-dup-pro",
            "\/home\/kinggems\/public_html\/frontend\/web\/promotion\/wp-content\/backupwordpress",
            "\/home\/kinggems\/public_html\/frontend\/web\/promotion\/wp-content\/cache",
            "\/home\/kinggems\/public_html\/frontend\/web\/promotion\/wp-content\/content\/cache",
            "\/home\/kinggems\/public_html\/frontend\/web\/promotion\/wp-content\/contents\/cache",
            "\/home\/kinggems\/public_html\/frontend\/web\/promotion\/wp-content\/infinitewp\/backups",
            "\/home\/kinggems\/public_html\/frontend\/web\/promotion\/wp-content\/managewp\/backups",
            "\/home\/kinggems\/public_html\/frontend\/web\/promotion\/wp-content\/old-cache",
            "\/home\/kinggems\/public_html\/frontend\/web\/promotion\/wp-content\/plugins\/all-in-one-wp-migration\/storage",
            "\/home\/kinggems\/public_html\/frontend\/web\/promotion\/wp-content\/plugins\/really-simple-captcha\/tmp",
            "\/home\/kinggems\/public_html\/frontend\/web\/promotion\/wp-content\/plugins\/wordfence\/tmp",
            "\/home\/kinggems\/public_html\/frontend\/web\/promotion\/wp-content\/updraft",
            "\/home\/kinggems\/public_html\/frontend\/web\/promotion\/wp-content\/uploads\/aiowps_backups",
            "\/home\/kinggems\/public_html\/frontend\/web\/promotion\/wp-content\/uploads\/backup-guard",
            "\/home\/kinggems\/public_html\/frontend\/web\/promotion\/wp-content\/uploads\/backupbuddy_backups",
            "\/home\/kinggems\/public_html\/frontend\/web\/promotion\/wp-content\/uploads\/backupbuddy_temp",
            "\/home\/kinggems\/public_html\/frontend\/web\/promotion\/wp-content\/uploads\/ithemes-security\/backups",
            "\/home\/kinggems\/public_html\/frontend\/web\/promotion\/wp-content\/uploads\/mainwp\/backup",
            "\/home\/kinggems\/public_html\/frontend\/web\/promotion\/wp-content\/uploads\/pb_backupbuddy",
            "\/home\/kinggems\/public_html\/frontend\/web\/promotion\/wp-content\/uploads\/snapshots",
            "\/home\/kinggems\/public_html\/frontend\/web\/promotion\/wp-content\/uploads\/sucuri",
            "\/home\/kinggems\/public_html\/frontend\/web\/promotion\/wp-content\/uploads\/wp-clone",
            "\/home\/kinggems\/public_html\/frontend\/web\/promotion\/wp-content\/uploads\/wp_all_backup",
            "\/home\/kinggems\/public_html\/frontend\/web\/promotion\/wp-content\/uploads\/wpbackitup_backups",
            "\/home\/kinggems\/public_html\/frontend\/web\/promotion\/wp-content\/wfcache",
            "\/home\/kinggems\/public_html\/frontend\/web\/promotion\/wp-content\/wishlist-backup",
            "\/home\/kinggems\/public_html\/frontend\/web\/promotion\/wp-snapshots"
        ],
        "FilterFilesAll": [
            ".DS_Store",
            "\/home\/kinggems\/public_html\/frontend\/web\/promotion\/.htaccess",
            "\/home\/kinggems\/public_html\/frontend\/web\/promotion\/wp-config.php",
            "dbcache",
            "debug_log",
            "error_log",
            "objectcache",
            "pgcache",
            "ws_ftp.log"
        ],
        "FilterExtsAll": [],
        "Status": {
            "Size": "Good",
            "Names": "Good",
            "Big": "Good",
            "AddonSites": "Good",
            "UnreadableItems": "Good",
            "MigratePackage": "Good",
            "CanbeMigratePackage": true,
            "showCreateFuncStatus": "Good",
            "showCreateFunc": true
        },
        "RecursiveLinks": [],
        "UnreadableItems": []
    },
    "DB": {
        "Status": {
            "Success": true,
            "Size": "Good",
            "Rows": "Good"
        },
        "Size": "1.78MB",
        "Rows": "440",
        "TableCount": 14,
        "TableList": {
            "wp_commentmeta": {
                "Case": 0,
                "Rows": "0",
                "Size": "4KB",
                "USize": 4096
            },
            "wp_comments": {
                "Case": 0,
                "Rows": "0",
                "Size": "7.32KB",
                "USize": 7496
            },
            "wp_duplicator_pro_entities": {
                "Case": 0,
                "Rows": "5",
                "Size": "9.52KB",
                "USize": 9752
            },
            "wp_duplicator_pro_packages": {
                "Case": 0,
                "Rows": "0",
                "Size": "1KB",
                "USize": 1024
            },
            "wp_links": {
                "Case": 0,
                "Rows": "0",
                "Size": "1KB",
                "USize": 1024
            },
            "wp_options": {
                "Case": 0,
                "Rows": "170",
                "Size": "780.83KB",
                "USize": 799572
            },
            "wp_postmeta": {
                "Case": 0,
                "Rows": "107",
                "Size": "77.55KB",
                "USize": 79412
            },
            "wp_posts": {
                "Case": 0,
                "Rows": "134",
                "Size": "891.21KB",
                "USize": 912596
            },
            "wp_term_relationships": {
                "Case": 0,
                "Rows": "0",
                "Size": "3.02KB",
                "USize": 3093
            },
            "wp_term_taxonomy": {
                "Case": 0,
                "Rows": "1",
                "Size": "4.04KB",
                "USize": 4136
            },
            "wp_termmeta": {
                "Case": 0,
                "Rows": "0",
                "Size": "4KB",
                "USize": 4096
            },
            "wp_terms": {
                "Case": 0,
                "Rows": "1",
                "Size": "13.04KB",
                "USize": 13352
            },
            "wp_usermeta": {
                "Case": 0,
                "Rows": "21",
                "Size": "13.57KB",
                "USize": 13892
            },
            "wp_users": {
                "Case": 0,
                "Rows": "1",
                "Size": "8.14KB",
                "USize": 8332
            }
        }
    },
    "Status": 1
}